{
  "settings": {
    "no_retrieval": {
      "questions": 800,
      "total_checks": 2888,
      "passed_checks": 841,
      "rule_score": 0.2912049861495845,
      "full_answer_rate": 0.09375,
      "avg_rules_per_question": 3.61
    },
    "semantic_k3": {
      "questions": 800,
      "total_checks": 2888,
      "passed_checks": 1668,
      "rule_score": 0.5775623268698061,
      "full_answer_rate": 0.31875,
      "avg_rules_per_question": 3.61
    },
    "semantic_k5": {
      "questions": 800,
      "total_checks": 2888,
      "passed_checks": 1816,
      "rule_score": 0.628808864265928,
      "full_answer_rate": 0.35,
      "avg_rules_per_question": 3.61
    },
    "semantic_k10": {
      "questions": 800,
      "total_checks": 2888,
      "passed_checks": 1902,
      "rule_score": 0.6585872576177285,
      "full_answer_rate": 0.38375,
      "avg_rules_per_question": 3.61
    },
    "graphrag": {
      "questions": 800,
      "total_checks": 2888,
      "passed_checks": 2066,
      "rule_score": 0.7153739612188366,
      "full_answer_rate": 0.4625,
      "avg_rules_per_question": 3.61
    },
    "pnk_kg_only": {
      "questions": 800,
      "total_checks": 2888,
      "passed_checks": 2159,
      "rule_score": 0.7475761772853186,
      "full_answer_rate": 0.485,
      "avg_rules_per_question": 3.61
    },
    "pnk_kg_source": {
      "questions": 800,
      "total_checks": 2888,
      "passed_checks": 2364,
      "rule_score": 0.8185595567867036,
      "full_answer_rate": 0.60375,
      "avg_rules_per_question": 3.61
    }
  },
  "by_type": {
    "single": {
      "no_retrieval": {
        "questions": 330,
        "total_checks": 588,
        "passed_checks": 155,
        "rule_score": 0.26360544217687076,
        "full_answer_rate": 0.15454545454545454,
        "avg_rules_per_question": 1.7818181818181817
      },
      "semantic_k3": {
        "questions": 330,
        "total_checks": 588,
        "passed_checks": 341,
        "rule_score": 0.5799319727891157,
        "full_answer_rate": 0.45454545454545453,
        "avg_rules_per_question": 1.7818181818181817
      },
      "semantic_k5": {
        "questions": 330,
        "total_checks": 588,
        "passed_checks": 364,
        "rule_score": 0.6190476190476191,
        "full_answer_rate": 0.47575757575757577,
        "avg_rules_per_question": 1.7818181818181817
      },
      "semantic_k10": {
        "questions": 330,
        "total_checks": 588,
        "passed_checks": 382,
        "rule_score": 0.6496598639455783,
        "full_answer_rate": 0.5181818181818182,
        "avg_rules_per_question": 1.7818181818181817
      },
      "graphrag": {
        "questions": 330,
        "total_checks": 588,
        "passed_checks": 419,
        "rule_score": 0.7125850340136054,
        "full_answer_rate": 0.6151515151515151,
        "avg_rules_per_question": 1.7818181818181817
      },
      "pnk_kg_only": {
        "questions": 330,
        "total_checks": 588,
        "passed_checks": 439,
        "rule_score": 0.7465986394557823,
        "full_answer_rate": 0.6545454545454545,
        "avg_rules_per_question": 1.7818181818181817
      },
      "pnk_kg_source": {
        "questions": 330,
        "total_checks": 588,
        "passed_checks": 479,
        "rule_score": 0.814625850340136,
        "full_answer_rate": 0.7363636363636363,
        "avg_rules_per_question": 1.7818181818181817
      }
    },
    "intra": {
      "no_retrieval": {
        "questions": 369,
        "total_checks": 1777,
        "passed_checks": 563,
        "rule_score": 0.3168261114237479,
        "full_answer_rate": 0.05420054200542006,
        "avg_rules_per_question": 4.815718157181572
      },
      "semantic_k3": {
        "questions": 369,
        "total_checks": 1777,
        "passed_checks": 1107,
        "rule_score": 0.6229600450196962,
        "full_answer_rate": 0.2682926829268293,
        "avg_rules_per_question": 4.815718157181572
      },
      "semantic_k5": {
        "questions": 369,
        "total_checks": 1777,
        "passed_checks": 1183,
        "rule_score": 0.6657287563308948,
        "full_answer_rate": 0.2981029810298103,
        "avg_rules_per_question": 4.815718157181572
      },
      "semantic_k10": {
        "questions": 369,
        "total_checks": 1777,
        "passed_checks": 1232,
        "rule_score": 0.6933033202025887,
        "full_answer_rate": 0.3143631436314363,
        "avg_rules_per_question": 4.815718157181572
      },
      "graphrag": {
        "questions": 369,
        "total_checks": 1777,
        "passed_checks": 1310,
        "rule_score": 0.7371975239167136,
        "full_answer_rate": 0.3983739837398374,
        "avg_rules_per_question": 4.815718157181572
      },
      "pnk_kg_only": {
        "questions": 369,
        "total_checks": 1777,
        "passed_checks": 1325,
        "rule_score": 0.7456387169386607,
        "full_answer_rate": 0.38482384823848237,
        "avg_rules_per_question": 4.815718157181572
      },
      "pnk_kg_source": {
        "questions": 369,
        "total_checks": 1777,
        "passed_checks": 1491,
        "rule_score": 0.839054586381542,
        "full_answer_rate": 0.5663956639566395,
        "avg_rules_per_question": 4.815718157181572
      }
    },
    "multi": {
      "no_retrieval": {
        "questions": 101,
        "total_checks": 523,
        "passed_checks": 123,
        "rule_score": 0.23518164435946462,
        "full_answer_rate": 0.039603960396039604,
        "avg_rules_per_question": 5.178217821782178
      },
      "semantic_k3": {
        "questions": 101,
        "total_checks": 523,
        "passed_checks": 220,
        "rule_score": 0.42065009560229444,
        "full_answer_rate": 0.0594059405940594,
        "avg_rules_per_question": 5.178217821782178
      },
      "semantic_k5": {
        "questions": 101,
        "total_checks": 523,
        "passed_checks": 269,
        "rule_score": 0.51434034416826,
        "full_answer_rate": 0.12871287128712872,
        "avg_rules_per_question": 5.178217821782178
      },
      "semantic_k10": {
        "questions": 101,
        "total_checks": 523,
        "passed_checks": 288,
        "rule_score": 0.5506692160611855,
        "full_answer_rate": 0.19801980198019803,
        "avg_rules_per_question": 5.178217821782178
      },
      "graphrag": {
        "questions": 101,
        "total_checks": 523,
        "passed_checks": 337,
        "rule_score": 0.6443594646271511,
        "full_answer_rate": 0.19801980198019803,
        "avg_rules_per_question": 5.178217821782178
      },
      "pnk_kg_only": {
        "questions": 101,
        "total_checks": 523,
        "passed_checks": 395,
        "rule_score": 0.7552581261950286,
        "full_answer_rate": 0.297029702970297,
        "avg_rules_per_question": 5.178217821782178
      },
      "pnk_kg_source": {
        "questions": 101,
        "total_checks": 523,
        "passed_checks": 394,
        "rule_score": 0.7533460803059273,
        "full_answer_rate": 0.3069306930693069,
        "avg_rules_per_question": 5.178217821782178
      }
    }
  },
  "by_topic": {
    "ru_ua_west": {
      "no_retrieval": {
        "questions": 159,
        "total_checks": 389,
        "passed_checks": 117,
        "rule_score": 0.30077120822622105,
        "full_answer_rate": 0.14465408805031446,
        "avg_rules_per_question": 2.4465408805031448
      },
      "semantic_k3": {
        "questions": 159,
        "total_checks": 389,
        "passed_checks": 253,
        "rule_score": 0.6503856041131105,
        "full_answer_rate": 0.4716981132075472,
        "avg_rules_per_question": 2.4465408805031448
      },
      "semantic_k5": {
        "questions": 159,
        "total_checks": 389,
        "passed_checks": 275,
        "rule_score": 0.7069408740359897,
        "full_answer_rate": 0.5094339622641509,
        "avg_rules_per_question": 2.4465408805031448
      },
      "semantic_k10": {
        "questions": 159,